name,lat,lon
Bombo,32.5333,0.5833
Fort Portal,30.275,0.671
Potenza,15.799,40.642
Campobasso,14.656,41.563
Aosta,7.315,45.737
Mariehamn,19.949,60.097
Ramallah,35.20621,31.90294
Vatican City,12.44781,41.90001
Poitier,0.33328,46.58329
Clermont-Ferrand,3.08001,45.77998
Besancon,6.03001,47.23
Artigas Base,-58.86386,-62.17389
Chipata,32.64001,-13.62957
Jinja,33.19993,0.44042
Arua,30.90002,3.02037
Mbale,34.17,1.09041
Moroto,34.63999,2.54035
Masaka,31.72999,-0.32961
Mbarara,30.65,-0.59962
Otjiwarongo,16.64001,-20.45954
Bologna,11.34002,44.50042
Cagliari,9.10398,39.2224
Catanzaro,16.60001,38.90038
Bari,16.87276,41.11422
L'Aquila,13.39002,42.3504
Ancona,13.49994,43.60037
Perugia,12.38998,43.11038
Trieste,13.80003,45.65038
Trento,11.11998,46.08043
Fort-de-France,-61.08003,14.61041
Gifu,136.76275,35.42309
Saint-Laurent-du-Maroni,-54.03253,5.49762
Caen,-0.34999,49.18375
Nantes,-1.59002,47.21039
Ajaccio,8.72829,41.92706
Montpellier,3.86999,43.6104
Dijon,5.03002,47.3304
Orleans,1.90003,47.90042
Rouen,1.07998,49.43041
Reims,4.02998,49.25039
Amiens,2.3,49.90038
Nancy,6.20002,48.68368
Basse-terre,-61.43998,16.23039
Novi Sad,19.84994,45.25038
Banja Luka,17.17997,44.7804
George Town,-81.32998,19.28044
Grand Turk,-71.13598,21.46643
Douglas,-4.48002,54.15043
San Marino,12.46667,43.91715
Willemstad,-69.01998,12.20043
Oranjestad,-70.02899,12.53038
Vaduz,9.51667,47.13372
Capitan Arturo Prat Station,-59.68332,-62.49951
Marambio Station,-56.65002,-64.23289
Zucchelli Station,164.21903,-74.61919
Rothera Station,-68.12354,-67.56478
Palmer Station,-64.04688,-64.76241
Base Presidente Montalva,-58.90765,-62.18274
Carlini Station,-58.65048,-62.22414
King Sejong Station,-58.7716,-62.22485
Great Wall Station,-58.9667,-62.21632
Escudero Base,-58.95267,-62.19496
Elephant Island,-57.99998,-61.99959
Scott Base,166.7491,-77.84694
McMurdo Station,166.86942,-77.73228
Zhongshan Station,76.3393,-69.43406
Vostok,106.80003,-78.46628
Peter I Island,90.5,-68.83287
Mirny Station,93.00629,-66.57553
Mawson Station,62.875,-67.61452
Davis Station,78.14074,-68.77767
Concordia Research Station,124.16704,-74.66631
Casey Station,110.53621,-66.28609
AmundsenScott South Pole Station,139.26699,-89.98289
Wasa Station,-13.41671,-73.04961
Troll Station,2.53332,-72.01629
Svea Station,-11.21669,-74.5829
Novolazarevskaya Station,-11.85021,-71.30123
Neumayer Station III,-7.83844,-70.8904
Maitri Station,11.73046,-70.78218
Halley Station,-26.47416,-76.09226
Belgrano Station,-34.61668,-77.86632
Camp Sobral,-40.50153,-81.17908
Aboa Station,-13.41671,-75.04959
San Martín Station,-67.1,-68.11632
Gen. O'Higgins Station,-57.88959,-63.32842
Esperanza Station,-57.0259,-63.37533
Orcadas Station,-44.7333,-60.7329
Signy Research Station,-45.6007,-60.63131
Dumont d'Urville Station,139.96368,-66.77505
Showa Station,39.74608,-69.03039
Gibraltar,-5.37807,36.13243
Lobamba,31.2,-26.46667
Edinburgh,-3.21909,55.94833
Cardiff,-3.22501,51.49999
Longyearbyen,15.55,78.21668
Luxembourg,6.13,49.61166
Turin,7.66996,45.07039
Noumea,166.44429,-22.26253
Matsuyama,132.76584,33.84554
Rennes,-1.67001,48.10002
Toulouse,1.44993,43.61996
Limoges,1.24999,45.82998
Lille,3.08001,50.64997
Strasbourg,7.75001,48.57997
Batumi,41.63001,41.6
Funchal,-16.88004,32.64998
El Fasher,25.35002,13.62998
Keetmanshoop,18.12999,-26.5739
Swakopmund,14.53502,-22.66886
Genoa,8.93004,44.40999
Sukhumi,41.02002,43.02002
Palikir,158.14997,6.91664
Majuro,171.38,7.103
Agana,144.75002,13.47002
Funafuti,179.21665,-8.51665
Melekeok,134.62655,7.4874
Bir Lehlou,-9.65252,26.11917
Monaco,7.40691,43.73965
Tarawa,173.01757,1.33819
Moroni,43.24024,-11.70416
Macau,113.54505,22.203
Andorra,1.51649,42.5
San Bernardino,-117.30003,34.12038
Bridgeport,-73.19996,41.17998
Rochester,-77.61995,43.17043
Manchester,-2.24799,53.50042
Gujranwala,74.18502,32.16043
Incheon,126.64223,37.47615
Benin City,5.62001,6.34048
Xiamen,118.08002,24.44999
Nanchong,106.13,30.78043
Neijiang,105.05001,29.58038
Nanyang,112.53002,33.0004
Jinxi,120.82998,40.75034
Yantai,121.40002,37.53041
Zaozhuang,117.57002,34.88
Suzhou,120.62002,31.30048
Xuzhou,117.18002,34.28001
Wuxi,120.29998,31.58
Jilin,126.55004,43.84997
Chandigarh,76.78001,30.72
Jammu,74.84674,32.71179
Sholapur,75.90001,17.67041
Aurangabad,75.3203,19.8957
Nasik,73.77998,20.00042
Dispur,91.76664,26.14402
Jullundur,75.56902,31.33492
Allahabad,81.84001,25.455
Moradabad,78.75678,28.84179
Ghaziabad,77.40839,28.66038
Agra,78.01502,27.17042
Aligarh,78.06179,27.89221
Meerut,77.7,29.00041
Dhanbad,86.41999,23.80039
Gwalior,78.18008,26.22999
Vadodara,73.18002,22.31002
Rajkot,70.80001,22.31002
Durazno,-56.51005,-33.41002
International Falls,-93.41085,48.60113
St. Paul,-93.08497,44.94399
Billings,-108.54,45.7883
Great Falls,-111.29999,47.50029
Missoula,-113.99305,46.87224
Minot,-101.29582,48.23249
Fargo,-96.78943,46.87723
Hilo,-155.09003,19.7
Olympia,-122.89943,47.03804
Spokane,-117.41995,47.67
Vancouver,-122.63999,45.6303
Flagstaff,-111.65051,35.1981
Tucson,-110.88999,32.205
Santa Barbara,-119.71999,34.43499
Fresno,-119.77298,36.74772
Eureka,-124.1475,40.80222
Colorado Springs,-104.79199,38.86296
Reno,-119.82001,39.52998
Elko,-115.76199,40.83251
Albuquerque,-106.64133,35.10497
Salem,-123.0239,44.92807
Casper,-106.31249,42.86662
Topeka,-95.66998,39.05001
Kansas City,-94.60409,39.10709
Tulsa,-95.93002,36.12
Sioux Falls,-96.73,43.54999
Shreveport,-93.77002,32.50002
Baton Rouge,-91.14016,30.45795
Ft. Worth,-97.34004,32.73998
Corpus Christi,-97.40189,27.74281
Austin,-97.74278,30.26695
Amarillo,-101.83,35.22998
El Paso,-106.51,31.77998
Laredo,-99.50722,27.50614
Merida,-71.13001,8.39999
Burlington,-73.21247,44.4758
Montgomery,-86.27919,32.3616
Tallahassee,-84.28003,30.44999
Orlando,-81.38003,28.50998
Jacksonville,-81.66999,30.33002
Savannah,-81.11,32.02111
Columbia,-80.89998,34.03998
Indianapolis,-86.17005,39.74999
Wilmington,-77.94502,34.22552
Knoxville,-83.92003,35.97001
Richmond,-77.44999,37.55002
Charleston,-81.63273,38.34974
Baltimore,-76.61998,39.29999
Syracuse,-76.15001,43.04999
Puerto Ayacucho,-67.62361,5.6639
Port-of-Spain,-61.51703,10.652
Augusta,-69.77999,44.31056
Sault Ste. Marie,-84.34528,46.49526
Atakpame,1.12002,7.53004
Sousse,10.62503,35.83
Taizz,44.03942,13.60445
Sitka,-135.32755,57.0604
Lvov,24.03,49.83498
Odessa,30.71,46.49002
Zhytomyr,28.66217,50.24558
Dnipropetrovsk,35.00002,48.47997
Donetsk,37.82998,48.0
Kharkiv,36.25002,49.99998
Turkmenbasy,52.96968,40.02305
Bukhara,64.43001,39.78001
Nukus,59.61501,42.47
Turkmenabat,63.58004,39.11
Mary,61.83332,37.60002
Andijon,72.33997,40.79
Haiphong,106.68009,20.83001
Da Nang,108.24997,16.06004
Kabwe,28.44998,-14.44001
Mufulira,28.25997,-12.55
Kitwe,28.22002,-12.81003
Livingstone,25.86001,-17.86001
Chitungwiza,31.1,-18.0
Douala,9.70999,4.06041
Birmingham,-1.92,52.47497
Belfast,-5.96003,54.60001
Izmir,27.15179,38.43615
Bursa,29.07,40.19999
Samsun,36.34366,41.28
Konya,32.47501,37.87501
Adana,35.32,36.99499
Gulu,32.28003,2.78
Kigali,30.06053,-1.95359
Cottica,-54.23329,3.85001
Cordoba,-4.77,37.88
Maradi,7.0964,13.49164
Tahoua,5.25993,14.89998
Constanta,28.60997,44.20266
Luleå,22.15838,65.59663
Sundsvall,17.31666,62.40005
Iasi,27.57495,47.16835
Surat Thani,99.34013,9.1501
Chiang Mai,98.98005,18.79998
Nakhon Ratchasima,102.10001,15.00003
Mbabane,31.13333,-26.31665
Piura,-80.62997,-5.21003
Arequipa,-71.53001,-16.41999
Chimbote,-78.57,-9.07
Pucallpa,-74.535,-8.36891
Iquitos,-73.25001,-3.75002
Huancayo,-75.20002,-12.08
Ciudad del Este,-54.61606,-25.5167
Ponta Delgada,-25.66658,37.7483
Vigo,-8.72999,42.22002
Bilbao,-2.92999,43.24998
Kaolack,-16.10001,14.14997
Kaedi,-13.49999,16.15001
Geneina,22.44002,13.45002
Medina,39.58,24.49999
Tabuk,36.55497,28.38383
Juba,31.58003,4.82998
Malakal,31.65599,9.5369
Omdurman,32.48002,15.61668
El Obeid,30.2167,13.18329
The Hague,4.26996,52.08004
Kristiansand,8.00002,58.16664
Ljubljana,14.51497,46.05529
Bratislava,17.11698,48.15002
Hammerfest,23.688,70.66128
Doha,51.53297,25.28656
Quetta,67.02499,30.22
Larkana,68.20678,27.56177
Springbok,17.88329,-29.66673
Upington,21.23001,-28.46003
Worcester,19.43994,-33.64003
George,22.45004,-33.95003
Tete,33.58001,-16.17003
Pemba,40.53235,-12.98305
Nampula,39.29304,-15.13604
Welkom,26.72999,-27.96999
Xai-Xai,33.64,-25.03998
Goroka,145.38548,-6.08331
Mt. Hagen,144.21682,-5.86322
Rabaul,152.14343,-4.20549
Lae,146.99004,-6.73299
David,-82.43333,8.43332
Oujda,-1.90997,34.69001
Safi,-9.23999,32.31998
Podgorica,19.26631,42.46597
Quelimane,36.88999,-17.88001
East London,27.87002,-32.97004
Middelburg,25.00999,-31.5
Naltchik,43.61795,43.49811
Stavropol,41.98001,45.05
Ugolnye Kopi,177.7,64.7333
Kaliningrad,20.49734,54.70001
Pskov,28.32994,57.83
Bryansk,34.42998,53.25999
Smolensk,32.04734,54.78269
Petrozavodsk,34.28002,61.84998
Tver,35.89,56.85998
Vologda,39.91998,59.20999
Yaroslavl,39.87001,57.61998
Rostov,39.71266,47.23465
Sochi,39.72997,43.59001
Krasnodar,39.00004,45.01998
Penza,44.99998,53.18002
Ryazan,39.71999,54.61996
Voronezh,39.27,51.72998
Magnitogorsk,58.98001,53.42269
Chelyabinsk,61.43867,55.15499
Vorkuta,64.00998,67.5
Kirov,49.66998,58.59005
Nizhny Tagil,59.97498,57.92002
Astrakhan,48.05499,46.34866
Orenburg,55.11001,51.77998
Saratov,46.03,51.57999
Ulyanovsk,48.41001,54.32998
Omsk,73.39995,54.98999
Tyumen,65.52999,57.14001
Novokuznetsk,87.11498,53.75001
Kemerovo,86.08998,55.33997
Groznyy,45.6987,43.31869
Kandy,80.67,7.27998
Sri Jawewardenepura Kotte,79.94999,6.9
Daejeon,127.42503,36.33555
Gwangju,126.91043,35.17097
Busan,129.01005,35.09505
Zamboanga,122.08003,6.91998
Laoag,120.59361,18.19885
Baguio City,120.56994,16.42999
General Santos,125.17473,6.11083
Ust-Ulimsk,102.63331,57.98996
Angarsk,103.92,52.56001
Abakan,91.445,53.70368
Norilsk,88.22499,69.34002
Khatanga,102.465,72.04114
Kyzyl,94.38307,51.7067
Ulan Ude,107.625,51.82499
Blagoveshchensk,127.53334,50.26661
Bukachacha,116.91663,52.98334
Dalnegorsk,135.51725,44.53722
Ambarchik,162.33359,69.65101
Batagay,134.63503,67.65599
Chokurdakh,147.89458,70.61831
Ust Nera,143.19998,64.56659
Lensk,114.94703,60.72527
Aldan,125.38939,58.603
Mirnyy,113.96135,62.54002
Zhigansk,123.37112,66.76971
Okhotsk,143.21704,59.383
Khabarovsk,135.12001,48.45499
Okha,142.94785,53.5739
Yuzhno Sakhalinsk,142.74001,46.96497
Mexicali,-115.48002,32.64998
La Paz,-110.32,24.13996
Torreon,-103.42,25.57005
Culiacan,-107.37997,24.82999
Nogales,-110.945,31.305
Hermosillo,-110.95406,29.09888
Guaymas,-110.88999,27.93001
San Luis Potosi,-101.0,22.16998
Matamoros,-97.5,25.87998
Nuevo Laredo,-99.55001,27.49999
Colima,-103.72001,19.22997
Campeche,-90.49999,19.82999
Oaxaca,-96.66995,17.08269
Leon,-101.70003,21.14999
Maiduguri,13.16001,11.84996
Port Harcourt,7.01,4.81
Makurdi,8.53001,7.72998
Ibadan,3.92998,7.38003
Ogbomosho,4.23999,8.13001
Warri,5.76,5.51996
Kaduna,7.44,10.52002
Gdansk,18.64004,54.35998
Kraków,19.96001,50.05998
Dalandzadgad,104.44028,43.58355
Wonsan,127.43082,39.16049
Sinuiju,124.42128,40.08586
Dund-Us,91.63326,48.01664
Choybalsan,114.50602,48.06659
Lüderitz,15.15943,-26.648
Walvis Bay,14.50531,-22.95753
Mwanza,32.93002,-2.52002
Morogoro,37.66002,-6.82001
Dodoma,35.75,-6.18331
Arusha,36.67,-3.36002
Napier,176.91503,-39.49001
Manukau,174.88497,-36.99998
Hamilton,175.30004,-37.77001
Blenheim,173.95924,-41.52099
Dunedin,170.47997,-45.87995
Bern,7.46698,46.91668
Malmö,13.0333,55.58334
Laayoune,-13.20001,27.14998
Ternate,127.36302,0.79296
Ambon,128.20002,-3.71669
Raba,118.76664,-8.44999
Jayapura,140.69998,-2.53299
Florence,11.25,43.78
Catania,15.08,37.49997
Pristina,21.16598,42.66671
Meru,37.64002,0.05998
Eldoret,35.26998,0.52001
Banda Aceh,95.32001,5.54998
George Town,100.32937,5.41361
Zhangye,100.45003,38.92999
Wuwei,102.64101,37.92801
Dunhuang,94.66201,40.14268
Tianshui,105.91998,34.60002
Dulan,98.2666,36.16659
Golmud,94.88335,36.41663
Yulin,110.15001,22.62997
Bose,106.61333,23.89972
Wuzhou,111.32002,23.48003
Lupanshui,104.83333,26.59443
Quanzhou,118.57999,24.90002
Hefei,117.28001,31.85003
Suzhou,116.97889,33.63611
Zhanjiang,110.38002,21.19998
Shaoguan,113.57998,24.79997
Balikpapan,116.83002,-1.25002
Kuching,110.33,1.52997
Antsiranana,49.31153,-12.2765
Fianarantsoa,47.08327,-21.43333
Mahajanga,46.34502,-15.67001
Toliara,43.68998,-23.35683
Surakarta,110.82501,-7.56498
Bandar Lampung,105.27,-5.43002
Tanjungpandan,107.65001,-2.75003
Malang,112.61002,-7.97999
Kupang,123.58299,-10.17867
Parepare,119.63331,-4.01667
Cuenca,-78.99999,-2.89999
Santa Cruz,-90.35,-0.53332
Puerto Limon,-83.03334,10.00002
Santiago de Cuba,-75.82133,20.02502
Santiago,-70.67001,19.50001
Manizales,-75.52,5.05999
Pasto,-77.28111,1.21361
Barranquilla,-74.79997,10.95999
Roseau,-61.38701,15.30102
Mbandaka,18.26001,0.04004
Moundou,16.09002,8.54998
Suez,32.54994,30.00498
Bur Said,32.29001,31.25999
El Faiyum,30.83997,29.31003
Aswan,32.89891,24.08751
Asyut,31.17995,27.18998
Kisangani,25.22,0.52001
Assab,42.72999,13.01002
Djibouti,43.148,11.59501
Dresden,13.75,51.04997
Xigaze,88.88335,29.25001
Shache,77.25,38.42614
Yining,81.35001,43.90002
Altay,88.11663,47.8666
Putrajaya,101.70195,2.91402
Shizuishan,106.76903,39.23328
Yulin,109.73329,38.28331
Ankang,109.02,32.67998
Houma,111.21,35.61998
Yueyang,113.10001,29.38005
Hengyang,112.59002,26.88002
Mianyang,104.76998,31.46998
Xichang,102.3,27.88002
Baoshan,99.15001,25.11998
Gejiu,103.15008,23.37998
Shijianzhuang,114.47998,38.05001
Handan,114.47998,36.57998
Anshan,122.94003,41.11502
Dalian,121.62983,38.92284
Qingdao,120.33001,36.08998
Linyi,118.32998,35.07999
Huaiyin,119.02998,33.58
Wenzhou,120.65009,28.01998
Ningbo,121.55004,29.87997
Fukuoka,130.41001,33.59502
Miyazaki,131.41838,31.91824
Naha,127.67297,26.20717
Kochi,133.53752,33.56243
Gorontalo,123.07005,0.54998
Tongliao,122.26999,43.61996
Hohhot,111.66,40.81997
Chifeng,118.94999,42.27002
Ulanhot,122.08003,46.08002
Hailar,119.70002,49.19998
Jiamusi,130.35002,46.83002
Beian,126.48204,48.23901
Daqing,125.00001,46.57996
Jixi,130.97003,45.29996
Nagoya,136.91499,35.155
Nagano,138.17001,36.65
Kushiro,144.37469,42.97496
Hakodate,140.73998,41.79498
Kyoto,135.75,35.02999
Sendai,141.02172,38.28711
Sakata,139.85006,38.92004
Bandundu,17.37996,-3.30999
Kananga,22.40002,-5.89004
Kasongo,26.66002,-4.45003
Mbuji-Mayi,23.6,-6.15003
Kalemie,29.20002,-5.9333
Butembo,29.28001,0.13
Goma,29.22179,-1.6788
Mzuzu,34.01998,-11.45999
Blantyre,34.98995,-15.79001
Quetzaltenango,-91.52001,14.82996
Banjul,-16.5917,13.45388
Faridabad,77.31667,28.43333
Srinagar,74.81501,34.09997
Vijayawada,80.63,16.51996
Thiruvananthapuram,76.95002,8.49998
Kochi,76.22392,10.01501
Cuttack,85.88994,20.47
Hubli,75.12502,15.35998
Mangalore,74.84999,12.90003
Mysore,76.66001,12.30998
Gulbarga,76.82,17.34996
Kolhapur,74.22001,16.7
Nanded,77.30003,19.16998
Akola,77.01002,20.70999
Guwahati,91.77,26.16002
Kayes,13.28001,-4.18002
Franceville,13.58329,-1.6333
Bordeaux,-0.59501,44.85001
Marseille,5.37501,43.28998
Le Havre,0.10497,49.50497
Gao,-0.05001,16.26659
Coihaique,-72.07,-45.57
Arica,-70.28998,-18.50002
Copiapo,-70.33998,-27.36
La Serena,-71.24998,-29.9
Los Angeles,-72.35999,-37.46
Narsarsuaq,-45.41662,61.16659
Sisimiut,-53.66661,66.95001
Upernavik,-56.14168,72.70937
Qaanaaq,-69.33224,77.48347
Nouadhibou,-17.05602,20.9
Kayes,-11.44001,14.44998
Ayoun el Atrous,-9.61666,16.66659
Segou,-6.26002,13.43999
Skopje,21.43346,42.00001
Al Jawf,23.28999,24.19998
Tmassah,15.80001,26.36665
Misratah,15.1,32.37997
Zuwarah,12.07915,32.93441
Kirkuk,44.39227,35.47224
Mosul,43.145,36.345
An Najaf,44.33537,32.00033
Bahir Dar,37.38329,11.60005
Mekele,39.46998,13.49999
Dire Dawa,41.86002,9.58999
Rovaniemi,25.71594,66.50004
Vaasa,21.60001,63.09998
Tampere,23.75001,61.5
Aqtobe,57.16999,50.28002
Rudny,63.13004,52.9527
Qyzylorda,65.46499,44.80002
Atyrau,51.92002,47.11269
Ekibastuz,75.31994,51.72998
Pavlodar,76.95002,52.3
Semey,80.27504,50.435
Oskemen,82.61495,49.99004
Yazd,54.37,31.92005
Ahvaz,48.72001,31.27999
Basra,47.81356,30.51352
Bandar-e-Abbas,56.27214,27.20406
Hamadan,48.51501,34.79603
Tabriz,46.30125,38.08629
Ludhiana,75.87226,30.92776
Kota,75.835,25.18
Jodhpur,73.01677,26.29177
Shymkent,69.59502,42.32001
Taraz,71.36499,42.89998
Lucknow,80.915,26.85504
Saharanpur,77.55004,29.97002
Ranchi,85.33003,23.37001
Bhagalpur,86.98,25.23
Raipur,81.63501,21.23499
Jabalpur,79.95506,23.17506
Indore,75.86502,22.71506
Pondicherry,79.83,11.93499
Salem,78.18008,11.67
Tiruchirappalli,78.68997,10.81
Pointe-Noire,11.88004,-4.77001
Kankan,-9.31001,10.39
Nzerekore,-8.82999,7.76
Bouake,-5.03001,7.68998
St.-Denis,55.44808,-20.87889
Rio Branco,-67.80001,-9.96659
São Luís,-44.26599,-2.51598
Porto Velho,-63.90001,-8.75002
Alvorada,-49.082,-12.47
Corumba,-57.65001,-19.01601
Belo Horizonte,-43.915,-19.91503
Montes Claros,-43.86002,-16.72003
Uberlandia,-48.27998,-18.9
Colider,-55.45058,-10.81729
Alta Floresta,-55.90998,-9.90003
Cuiaba,-56.08499,-15.56961
Pelotas,-52.33002,-31.75001
Caxias do Sul,-51.17004,-29.17999
Ponta Grossa,-50.16005,-25.09001
Teresina,-42.78001,-5.095
Maceio,-35.72997,-9.62
Vitoria da Conquista,-40.84,-14.85001
Barreiras,-45.0,-12.14
Vila Velha,-40.31799,-20.36761
Natal,-35.24,-5.78002
Thompson,-97.86662,55.74994
Brandon,-99.94998,49.83327
Fort Smith,-111.88334,60.00002
Fort McMurray,-111.38332,56.73332
Peace River,-117.28329,56.23332
Fort St. John,-120.83328,56.24999
Iqaluit,-68.50019,63.75046
Cambridge Bay,-105.03332,69.11696
Kugluktuk,-115.12535,67.79866
Chesterfield Inlet,-90.70008,63.33829
Arviat,-94.05861,61.10859
Taloyoak,-93.53332,69.53331
Igloolik,-81.79359,69.25654
Dawson City,-139.41667,64.06664
Timmins,-81.33331,48.46659
North Bay,-79.44999,46.3
Kuujjuarapik,-77.76583,55.2815
Kuujjuaq,-68.4,58.10001
Sydney,-60.17998,46.06611
Labrador City,-66.91587,52.94143
Ebolowa,11.15001,2.90002
Bambari,20.6672,5.76196
Venice,12.335,45.43866
El Calafate,-72.30002,-50.33332
San Juan,-68.51999,-31.55003
Rawson,-65.09999,-43.30001
Neuquen,-68.05999,-38.95004
Trinidad,-64.89998,-14.83337
Santa Rosa,-64.29999,-36.62
San Carlos de Bariloche,-71.3,-41.14996
Salta,-65.41664,-24.78336
Tucumán,-65.21662,-26.816
Formosa,-58.18282,-26.17284
Santa Fe,-60.69,-31.62387
Rosario,-60.66631,-32.95113
Campinas,-47.10003,-22.90001
Sorocaba,-47.46998,-23.49
Ribeirao Preto,-47.82999,-21.17004
Petrolina,-40.50997,-9.38001
Bamenda,10.15002,5.95998
Garoua,13.39002,9.30001
Herat,62.16999,34.33001
Mazar-e Sharif,67.10003,36.69999
Battambang,103.20005,13.10001
Siem Reap,103.85003,13.36664
Malanje,16.34003,-9.54
Benguela,13.40723,-12.57826
Lubango,13.49002,-14.91001
Namibe,12.16002,-15.19004
Tarija,-64.74999,-21.51669
Bridgetown,-59.61653,13.102
Annaba,7.75998,36.92001
Parakou,2.62004,9.34001
Porto-Novo,2.61663,6.48331
Constantine,6.59995,36.35999
Brest,23.69999,52.09998
Khulna,89.56,22.83999
Francistown,27.50002,-21.17004
Mahalapye,26.82001,-23.1
Serowe,26.71004,-22.39002
Katherine,132.26659,-14.46662
Busselton,115.34866,-33.65641
Mandurah,115.74706,-32.52348
Broome,122.23077,-17.96177
Kalgoorlie,121.46002,-30.7354
Albany,117.8916,-35.01695
Port Hedland,118.60603,-20.3104
Karratha,116.87001,-20.73038
Geraldton,114.59997,-28.76663
Griffith,146.04002,-34.29001
Orange,149.09998,-33.28
Dubbo,148.59733,-32.25996
Armidale,151.66748,-30.51231
Broken Hill,141.43311,-31.94995
Port Lincoln,135.86658,-34.73324
Whyalla,137.56141,-33.02503
Portland,141.59,-38.34
Bendigo,144.28002,-36.75999
Wangaratta,146.3,-36.36002
Windorah,142.6502,-25.43324
Mount Isa,139.49003,-20.72387
Rockhampton,150.52,-23.36391
Cairns,145.76333,-16.88784
Gold Coast,153.44825,-28.0815
Devonport,146.3311,-41.19267
Bobo Dioulasso,-4.28998,11.17998
Rajshahi,88.60502,24.37498
Mandalay,96.08503,21.96999
Sittwe,92.88,20.14
Bujumbura,29.36001,-3.37609
Pago Pago,-170.70665,-14.27661
Kingstown,-61.21206,13.14828
Castries,-61.00001,14.00197
Basseterre,-62.71701,17.30203
Las Palmas,-15.43,28.09998
Berbera,45.01641,10.43555
Port Louis,57.49999,-20.16664
Gaza,34.44502,31.53
Saint George's,-61.74164,12.05263
Papeete,-149.56667,-17.53336
Manama,50.58305,26.23614
Freeport,-78.70001,26.53328
Saint John's,-61.85003,17.11804
Taichung,120.68167,24.15208
Kozhikode,75.76999,11.25044
Bhubaneshwar,85.82736,20.27043
Jamshedpur,86.19752,22.78754
Montevideo,-56.17105,-34.85804
Helena,-112.03529,46.59275
Bismarck,-100.78332,46.80832
Boise,-116.22749,43.60859
San Jose,-121.84999,37.29998
Sacramento,-121.47004,38.57502
Las Vegas,-115.22001,36.21
Santa Fe,-105.93724,35.68693
Portland,-122.67999,45.52002
Salt Lake City,-111.93005,40.77502
Cheyenne,-104.81971,41.14001
Des Moines,-93.61998,41.57998
Omaha,-96.00999,41.24
Oklahoma City,-97.51868,35.47004
Pierre,-100.35055,44.36834
San Antonio,-98.50731,29.48733
San Cristobal,-72.24997,7.77
Valencia,-67.98002,10.22998
Jackson,-90.185,32.29882
Raleigh,-78.64469,35.81878
Cleveland,-81.695,41.46999
Cincinnati,-84.45692,39.16188
Nashville,-86.77998,36.16997
Memphis,-90.0,35.11999
Norfolk,-76.28001,36.84996
Milwaukee,-87.91997,43.05266
Buffalo,-78.88,42.87998
Pittsburgh,-79.99999,40.43
Ciudad Guayana,-62.61999,8.37002
Lome,1.22276,6.13194
Tunis,10.17968,36.80278
Kodiak,-152.40699,57.79
Cold Bay,-162.71509,55.2
Bethel,-161.7558,60.7933
Point Hope,-166.80802,68.34773
Barrow,-156.78858,71.29057
Nome,-165.40637,64.5061
Valdez,-146.34829,61.136
Juneau,-134.42,58.31413
Fairbanks,-147.71066,64.83698
Prudhoe Bay,-148.66936,70.29218
Sevastapol,33.46498,44.59998
Abu Dhabi,54.36659,24.46668
Ashgabat,58.3833,37.94999
Samarqand,66.945,39.67002
Lusaka,28.28333,-15.41664
Harare,31.04471,-17.81779
Bulawayo,28.58,-20.17
Dili,125.57946,-8.55939
Port Vila,168.31664,-17.73335
Tegucigalpa,-87.21753,14.10204
Georgetown,-58.16703,6.80197
Reykjavík,-21.95001,64.15002
Port-au-Prince,-72.33603,18.54102
Glasgow,-4.25071,55.8744
Kampala,32.58332,0.31666
Aden,45.00949,12.77972
Paramaribo,-55.16703,5.83503
Seville,-5.98001,37.40502
Zinder,8.98332,13.8
Niamey,2.11666,13.51671
Port Sudan,37.21643,19.61579
Dushanbe,68.77388,38.56004
Cusco,-71.97215,-13.52503
Tacna,-70.25001,-18.0
Trujillo,-79.01997,-8.12004
Ica,-75.72549,-14.06799
Asuncion,-57.64151,-25.2964
Managua,-86.26849,12.15302
Freetown,-13.23422,8.47001
Agadez,7.98281,16.99587
Niyala,24.88999,12.05997
Wau,27.98996,7.69998
Dongola,30.4833,19.16659
Kassala,36.39002,15.45997
Tromsø,18.99203,69.63508
Trondheim,10.41667,63.41666
Bergen,5.32452,60.391
Islamabad,73.16663,33.7
Multan,71.45501,30.19998
Hyderabad,68.37499,25.37999
Peshawar,71.535,34.00502
Kathmandu,85.31664,27.71669
Nacala,40.71502,-14.51861
Bloemfontein,26.22991,-29.11999
Pretoria,28.22943,-25.70692
Port Moresby,147.1925,-9.46471
Honiara,159.94977,-9.43799
Panama City,-79.53304,8.96802
Fez,-5.00038,34.0546
Rabat,-6.83613,34.0253
Marrakesh,-7.99999,31.62999
Chisinau,28.85771,47.00502
Beira,34.87001,-19.82004
Port Elizabeth,25.60003,-33.97003
Maputo,32.58916,-25.95528
Tomsk,84.97501,56.49499
Anadyr,177.475,64.73699
Murmansk,33.10004,68.96999
Archangel,40.54501,64.57496
Nizhny Novgorod,44.00009,56.33301
Volgograd,44.49996,48.71001
Ufa,56.04003,54.78997
Yekaterinburg,60.59996,56.85003
Samara,50.1513,53.19501
Kazan,49.12634,55.74994
Surgut,73.42502,61.25994
Barnaul,83.74501,53.355
Novosibirsk,82.96004,55.02996
Mogadishu,45.36668,2.06668
Muscat,58.59331,23.61332
Colombo,79.85775,6.93197
Cebu,123.90008,10.31998
Iloilo,122.54502,10.70504
Davao,125.63,7.11002
Bratsk,101.61503,56.157
Irkutsk,104.24505,52.31997
Krasnoyarsk,92.866,56.01398
Dickson,80.5451,73.50697
Chita,113.465,52.05503
Vladivostok,131.91003,43.13001
Nizhneyansk,136.06662,71.43333
Yakutsk,129.73502,62.03496
Tiksi,128.83497,71.62689
Magadan,150.81001,59.57498
Tijuana,-117.08,32.50002
Chihuahua,-106.08498,28.64498
Mazatlan,-106.42,23.2211
Tampico,-97.87001,22.30002
Acapulco,-99.91598,16.84999
Veracruz,-96.15998,19.17734
Tuxtla Gutierrez,-93.15001,16.75
Cancun,-86.83001,21.16996
Merida,-89.61663,20.96664
Enugu,7.5,6.45003
Sokoto,5.24003,13.06002
Perm,56.24999,57.99996
Erdenet,104.11834,49.0533
Ulaanbaatar,106.91662,47.91667
Wellington,174.78327,-41.29997
Mbeya,33.43004,-8.89001
Windhoek,17.08355,-22.57001
Grootfontein,18.11656,-19.56662
Zanzibar,39.20003,-6.16
Christchurch,172.63002,-43.53503
Valencia,-0.40001,39.48502
Palana,159.95002,59.084
Petropavlovsk Kamchatskiy,158.62302,53.06199
Abuja,7.53333,9.08333
Padang,100.36001,-0.96001
Bissau,-15.59836,11.86502
Palermo,13.35003,38.12502
Amman,35.9333,31.95003
Vilnius,25.31664,54.68337
Riga,24.09997,56.95002
Bishkek,74.5852,42.87308
Jiayuguan,98.29998,39.82001
Xining,101.77,36.62
Guilin,110.28003,25.27999
Huainan,116.97998,32.62998
Shantou,116.67003,23.37001
Tarakan,117.63302,3.30002
Mombasa,39.68992,-4.04003
Maseru,27.48327,-29.31667
Antananarivo,47.51662,-18.91664
Semarang,110.42002,-6.96662
Palembang,104.75003,-2.98004
Bandjarmasin,114.58008,-3.32999
Ujungpandang,119.43203,-5.13996
Lyon,4.83003,45.77001
Quito,-78.50005,-0.21499
San Jose,-84.08405,9.93501
San Salvador,-89.20304,13.71
Kingston,-76.76743,17.97708
Cartagena,-75.51439,10.39974
Mitu,-70.17361,1.19831
Bumba,22.45996,2.18998
Ndjamena,15.04915,12.1131
Abeche,20.82998,13.83999
Malabo,8.78328,3.75002
Luxor,32.65004,25.70002
Asmara,38.93332,15.33334
Zagreb,15.99999,45.80001
Tallinn,24.72804,59.43388
Lhasa,91.10001,29.64502
Hami,93.515,42.82698
Hotan,79.92695,37.09971
Kashgar,75.96993,39.47634
Yinchuan,106.27304,38.46797
Pingxiang,113.85004,27.62001
Nagasaki,129.88503,32.76499
Qiqihar,123.98999,47.34498
Kikwit,18.85,-5.03004
Matadi,13.45002,-5.81661
Kolwezi,25.47244,-10.71672
Lubumbashi,27.48002,-11.68002
Lilongwe,33.7833,-13.9833
Guatemala,-90.52697,14.62113
Cayenne,-52.33002,4.93299
Libreville,9.45797,0.38539
Vishakhapatnam,83.30498,17.73001
Suva,178.44171,-18.13302
Port-Gentil,8.78002,-0.72002
Timbuktu,-3.0166,16.76659
Punta Arenas,-70.94,-53.16499
Iquique,-70.12997,-20.24999
Antofagasta,-70.4,-23.64999
Valparaiso,-71.62101,-33.04776
Valdivia,-73.24502,-39.795
Concepcion,-73.05002,-36.83001
Puerto Montt,-72.92998,-41.46999
Nuuk,-51.73266,64.19828
Nouakchott,-15.97534,18.08643
Bamako,-8.00004,12.65001
Atar,-13.04999,20.51664
Djenne,-4.54999,13.89999
Sabha,14.43332,27.03327
Banghazi,20.06672,32.11673
Thessaloniki,22.885,40.69611
Beirut,35.50971,33.87198
Tbilisi,44.7908,41.72501
Gonder,37.46003,12.61004
Astana,71.42777,51.18113
Qaraghandy,73.11501,49.88498
Almaty,76.91504,43.32499
Isfahan,51.70004,32.70001
Shiraz,52.57001,29.62996
Amritsar,74.86999,31.63999
Varanasi,83.00004,25.32999
Asansol,86.98333,23.68333
Bhilai,81.43333,21.21667
Bhopal,77.40999,23.24999
Madurai,78.12003,9.92003
Coimbatore,76.95002,10.99996
Vientiane,102.59998,17.96669
Brazzaville,15.28469,-4.25919
Conakry,-13.68024,9.53152
Yamoussoukro,-5.2755,6.81838
Cruzeiro do Sul,-72.66997,-7.62999
Leticia,-69.93998,-4.22002
Manaus,-60.00002,-3.10003
Caxias,-43.35003,-4.833
Santarem,-54.69998,-2.43325
Maraba,-49.11598,-5.34997
Vilhena,-60.1166,-12.7166
Ji-Parana,-61.967,-10.83331
Campo Grande,-54.61663,-20.45003
Florianopolis,-48.52002,-27.57998
Feira de Santana,-38.97001,-12.25002
Winnipeg,-97.16599,49.88299
Churchill,-94.16599,58.76599
Regina,-104.61701,50.45003
Saskatoon,-106.66999,52.17003
Calgary,-114.08,51.08299
Prince Rupert,-130.32999,54.31667
Victoria,-123.35,48.43328
Arctic Bay,-85.16662,73.03331
Resolute,-94.90001,74.68333
Repulse Bay,-86.28294,66.52947
Yellowknife,-114.39698,62.44201
Fort Good Hope,-128.63332,66.26661
Whitehorse,-135.04998,60.71672
Boa Vista,-60.666,2.81609
Macapá,-51.05002,0.03301
Ottawa,-75.70002,45.4167
Fort Severn,-87.64998,55.98334
Thunder Bay,-89.27497,48.44615
Québec,-71.24561,46.83997
Halifax,-63.6,44.65003
St. Johns,-52.68101,47.58499
Nain,-61.68605,56.54735
Charlottetown,-63.13133,46.24928
Ndele,20.65304,8.40914
Belgrade,20.46799,44.81865
Obo,26.50003,5.39999
Bandar Seri Begawan,114.93328,4.88333
Puerto Deseado,-65.89997,-47.75002
Rio Gallegos,-69.21659,-51.6333
Comodoro Rivadavia,-67.5,-45.87003
Mendoza,-68.81661,-32.88333
Sucre,-65.25952,-19.04097
Riberalta,-66.10001,-10.98301
Bahia Blanca,-62.26502,-38.74003
Mar del Plata,-57.57998,-38.00002
Córdoba,-64.18229,-31.39996
Posadas,-55.88511,-27.35783
Belmopan,-88.76707,17.25203
Bangui,18.55829,4.36664
Maroua,14.3247,10.59557
Yaounde,11.51665,3.8667
Tirana,19.81888,41.32754
Yerevan,44.51355,40.18115
Baku,49.86222,40.39527
Kandahar,65.69495,31.61002
Phnom Penh,104.91663,11.55003
Menongue,17.69999,-14.66661
Huambo,15.76001,-12.74999
La Paz,-68.14999,-16.49797
Santa Cruz,-63.226,-17.75392
Oran,-0.61997,35.71
Cotonou,2.51999,6.40001
Tamanrasset,5.5228,22.785
Ghardaia,3.67,32.48999
Sofia,23.31665,42.68335
Minsk,27.56663,53.89998
Thimphu,89.63901,27.47299
Gaborone,25.91195,-24.64631
Darwin,130.85004,-12.42535
Alice Springs,133.88003,-23.701
Canberra,149.12903,-35.28303
Newcastle,151.81501,-32.84535
Adelaide,138.6,-34.93499
Townsville,146.77,-19.24995
Brisbane,153.03509,-27.45503
Hobart,147.29503,-42.85001
Ouagadougou,-1.52472,12.37032
Sarajevo,18.383,43.85002
Naypyidaw,96.11862,19.76656
San Juan,-66.12998,18.44002
Stanley,-57.84997,-51.70001
Hamilton,-64.78394,32.29419
Nukualofa,-175.22056,-21.13851
Hargeysa,44.06531,9.56002
Victoria,55.44999,-4.61663
Sao Tome,6.73333,0.3334
Apia,-171.73864,-13.84155
Valletta,14.51471,35.89973
Male,73.49995,4.16671
Jerusalem,35.20663,31.77841
Praia,-23.51669,14.9167
Nassau,-77.35004,25.08339
Nicosia,33.36663,35.16668
Kaohsiung,120.2666,22.63331
Shenzhen,114.12212,22.55237
Zibo,118.04999,36.79999
Minneapolis,-93.25179,44.97998
Honolulu,-157.858,21.30688
Seattle,-122.33998,47.57
Phoenix,-112.06999,33.53998
San Diego,-117.17999,32.82002
St. Louis,-90.23998,38.63502
New Orleans,-90.03997,29.995
Dallas,-96.84002,32.82002
Maracaibo,-71.65998,10.72998
Boston,-71.07001,42.32996
Tampa,-82.45862,27.94699
Philadelphia,-75.17,39.99997
Detroit,-83.08006,42.32996
Anchorage,-149.90021,61.21997
Hanoi,105.85001,21.03333
Ho Chi Minh City,106.69503,10.78003
Ankara,32.86439,39.92724
Budapest,19.08332,47.50001
Sanaa,44.20659,15.35473
Barcelona,2.18337,41.3833
Bucharest,26.09995,44.43337
Aleppo,37.17002,36.22997
Damascus,36.3,33.50003
Zürich,8.55001,47.37999
Lisbon,-9.14487,38.72272
Khartoum,32.53418,15.58808
Jeddah,39.2192,21.51689
Makkah,39.82004,21.43002
Oslo,10.74998,59.91669
Lahore,74.35002,31.55997
Karachi,66.99001,24.86999
Durban,30.98001,-29.86501
St. Petersburg,30.31602,59.93901
Guadalajara,-103.33003,20.67002
Puebla,-98.20004,19.04996
Kano,8.52004,11.99998
Warsaw,21.0,52.25
Pyongyang,125.75469,39.01944
Dar es Salaam,39.26834,-6.80001
Medan,98.65004,3.57997
Dublin,-6.24891,53.33306
Monrovia,-10.80475,6.31056
Naples,14.24501,40.84003
Milan,9.20501,45.46998
Kuala Lumpur,101.69998,3.16667
Lanzhou,103.792,36.05603
Nanning,108.32004,22.81999
Guiyang,106.72004,26.58004
Chongqing,106.59498,29.56498
Fuzhou,119.30005,26.08
Guangzhou,113.32501,23.14498
Dongguan,113.74472,23.04889
Bandung,107.57001,-6.95003
Surabaya,112.75083,-7.24924
Guayaquil,-79.92004,-2.22003
Medellin,-75.57501,6.275
Cali,-76.49997,3.39996
Havana,-82.36418,23.13196
Alexandria,29.95,31.20002
Frankfurt,8.67502,50.09998
Hamburg,10.0,53.55002
Munich,11.57499,48.12994
Prague,14.46598,50.08334
Kuwait,47.9783,29.36972
Xian,108.895,34.27503
Taiyuan,112.54506,37.87501
Wuhan,114.27002,30.58003
Changsha,112.96999,28.19997
Kunming,102.67998,25.06998
Zhengzhou,113.66509,34.755
Shenyeng,123.44997,41.80498
Jinan,116.99502,36.67498
Tianjin,117.20002,39.13003
Nanchang,115.88,28.67999
Nanjing,118.77997,32.05002
Hangzhou,120.17002,30.24997
Hiroshima,132.44291,34.38784
Changchun,125.33999,43.86501
Baotou,109.82202,40.65221
Harbin,126.64998,45.74998
Sapporo,141.34004,43.07498
Santo Domingo,-69.90009,18.47007
Accra,-0.21672,5.55003
Delhi,77.23,28.66999
Hyderabad,78.47995,17.39998
Pune,73.85,18.53002
Nagpur,79.08999,21.16996
Tripoli,13.18001,32.8925
Tel Aviv-Yafo,34.77001,32.07999
Helsinki,24.93413,60.17556
Mashhad,59.57,36.27002
Jaipur,75.80999,26.92113
Kanpur,80.32,26.46
Patna,85.13004,25.62496
Chennai,80.28,13.08999
Ahmedabad,72.58,23.03005
Surat,72.84004,21.19998
København,12.56349,55.67856
Abidjan,-4.04005,5.32
Belem,-48.48002,-1.45
Brasilia,-47.91605,-15.78334
Porto Alegre,-51.20001,-30.05001
Curitiba,-49.32,-25.42001
Fortaleza,-38.57998,-3.75002
Salvador,-38.47999,-12.96997
Edmonton,-113.49998,53.55002
Montréal,-73.5833,45.5
Goiania,-49.30002,-16.72003
Recife,-34.91561,-8.07565
Brussels,4.33332,50.83332
Dhaka,90.40858,23.72306
Luanda,13.23443,-8.83829
Algiers,3.05055,36.76306
Chittagong,91.79997,22.32999
Perth,115.84,-31.95501
Rangoon,96.16668,16.78335
San Francisco,-122.45998,37.74001
Denver,-104.98402,39.73919
Houston,-95.33998,29.81997
Miami,-80.22411,25.78761
Atlanta,-84.39995,33.83001
Chicago,-87.75005,41.82999
Caracas,-66.91704,10.501
Kiev,30.51663,50.43337
Dubai,55.27997,25.23
Tashkent,69.29493,41.3117
Madrid,-3.68335,40.40003
Geneva,6.14003,46.21001
Stockholm,18.09733,59.35076
Bangkok,100.51664,13.75
Lima,-77.05006,-12.04801
Dakar,-17.47313,14.71583
Johannesburg,28.03001,-26.17004
Amsterdam,4.91664,52.34997
Casablanca,-7.61637,33.59998
Seoul,126.99973,37.56635
Manila,120.98222,14.60416
Monterrey,-100.32998,25.67
Auckland,174.76498,-36.85001
Berlin,13.40155,52.52182
Urumqi,87.57501,43.80501
Chengdu,104.07002,30.67
Osaka,135.46014,34.75004
Kinshasa,15.31497,-4.32972
New Delhi,77.19998,28.60002
Bangalore,77.56001,12.97
Athens,23.73332,37.98333
Baghdad,44.39387,33.33865
Addis Ababa,38.7,9.03331
Tehran,51.42434,35.67194
Vancouver,-123.12164,49.27342
Toronto,-79.42002,43.69998
Buenos Aires,-58.39753,-34.6025
Kabul,69.18326,34.51669
Vienna,16.36664,48.20002
Melbourne,144.97502,-37.82003
Taipei,121.56833,25.03583
Los Angeles,-118.17998,33.98998
Washington D.C.,-77.00942,38.89955
New York,-73.98002,40.74998
London,-0.11672,51.49999
Istanbul,29.01,41.105
Riyadh,46.77274,24.64083
Cape Town,18.43499,-33.92001
Moscow,37.61552,55.75216
Mexico City,-99.13099,19.44244
Lagos,3.39153,6.44326
Rome,12.48326,41.89596
Beijing,116.38829,39.92889
Nairobi,36.81666,-1.28335
Jakarta,106.82944,-6.17442
Bogota,-74.08334,4.59642
Cairo,31.24997,30.04996
Shanghai,121.4365,31.21645
Tokyo,139.75141,35.68502
Mumbai,72.85699,19.01699
Paris,2.33334,48.86669
Santiago,-70.66704,-33.45001
Kolkata,88.32468,22.49497
Rio de Janeiro,-43.22502,-22.92502
Sao Paulo,-46.62502,-23.55868
Sydney,151.18518,-33.92001
Singapore,103.85582,1.29303
Hong Kong,114.18501,22.30498
